品牌,子品牌,车名,最低价,最高价
奥迪,一汽-大众奥迪,奥迪Q2L e-tron,暂无,暂无
奥迪,一汽-大众奥迪,奥迪A3,18.86,25.27
奥迪,一汽-大众奥迪,奥迪A4L,28.68,40.18
奥迪,一汽-大众奥迪,奥迪A6L,40.98,65.08
奥迪,一汽-大众奥迪,奥迪Q2L,21.77,26.85
奥迪,一汽-大众奥迪,奥迪Q3,26.00,35.98
奥迪,一汽-大众奥迪,奥迪Q5L,38.28,49.80
奥迪,一汽-大众奥迪,奥迪A6L新能源,45.48,45.48
奥迪,一汽-大众奥迪,奥迪Q4,暂无,暂无
奥迪,一汽-大众奥迪,奥迪A4,暂无,暂无
奥迪,一汽-大众奥迪,奥迪A6,暂无,暂无
奥迪,一汽-大众奥迪,奥迪Q5,暂无,暂无
奥迪,Audi Sport,奥迪RS 3,51.38,51.38
奥迪,Audi Sport,奥迪RS 4,82.28,82.28
奥迪,Audi Sport,奥迪RS 5,86.98,86.98
奥迪,Audi Sport,奥迪RS 6,135.78,135.78
奥迪,Audi Sport,奥迪RS 7,153.98,153.98
奥迪,Audi Sport,奥迪R8,195.28,229.98
奥迪,Audi Sport,奥迪TT RS,76.98,76.98
奥迪,Audi Sport,奥迪RS Q3,暂无,暂无
奥迪,Audi Sport,奥迪RSQ e-tron,暂无,暂无
奥迪,奥迪(进口),奥迪e-tron,暂无,暂无
奥迪,奥迪(进口),奥迪A3(进口),33.58,33.58
奥迪,奥迪(进口),奥迪S3,36.38,36.38
奥迪,奥迪(进口),奥迪A4(进口),39.28,42.78
奥迪,奥迪(进口),奥迪A5,37.18,55.18
奥迪,奥迪(进口),奥迪S4,45.98,45.98
奥迪,奥迪(进口),奥迪S5,62.28,69.88
奥迪,奥迪(进口),奥迪S6,90.58,90.58
奥迪,奥迪(进口),奥迪A7,79.08,85.98
奥迪,奥迪(进口),奥迪S7,123.08,123.08
奥迪,奥迪(进口),奥迪A8,83.88,122.08
奥迪,奥迪(进口),奥迪Q7,68.38,96.28
奥迪,奥迪(进口),奥迪Q7新能源,79.08,79.08
奥迪,奥迪(进口),奥迪Q8,109.76,109.76
奥迪,奥迪(进口),奥迪TT,45.38,53.28
奥迪,奥迪(进口),奥迪TTS,59.78,63.48
奥迪,奥迪(进口),奥迪A6(进口),41.98,54.68
奥迪,奥迪(进口),奥迪A0,暂无,暂无
奥迪,奥迪(进口),奥迪A1,暂无,暂无
奥迪,奥迪(进口),奥迪S1,暂无,暂无
奥迪,奥迪(进口),e-tron Concept,暂无,暂无
奥迪,奥迪(进口),奥迪AI:ME,暂无,暂无
奥迪,奥迪(进口),奥迪A6新能源(进口),暂无,暂无
奥迪,奥迪(进口),奥迪A7新能源,暂无,暂无
奥迪,奥迪(进口),奥迪Aicon,暂无,暂无
奥迪,奥迪(进口),奥迪e-tron GT,暂无,暂无
奥迪,奥迪(进口),Prologue,暂无,暂无
奥迪,奥迪(进口),奥迪A8新能源,暂无,暂无
奥迪,奥迪(进口),奥迪A9,暂无,暂无
奥迪,奥迪(进口),奥迪S8,暂无,暂无
奥迪,奥迪(进口),AI:TRAIL quattro,暂无,暂无
奥迪,奥迪(进口),allroad,暂无,暂无
奥迪,奥迪(进口),奥迪Q2,暂无,暂无
奥迪,奥迪(进口),奥迪SQ2,暂无,暂无
奥迪,奥迪(进口),奥迪Q3(进口),暂无,暂无
奥迪,奥迪(进口),奥迪Q4(进口),暂无,暂无
奥迪,奥迪(进口),奥迪Q4新能源(进口),暂无,暂无
奥迪,奥迪(进口),奥迪TT offroad,暂无,暂无
奥迪,奥迪(进口),h-tron quattro,暂无,暂无
奥迪,奥迪(进口),奥迪Elaine,暂无,暂无
奥迪,奥迪(进口),奥迪Q5(进口),暂无,暂无
奥迪,奥迪(进口),奥迪Q5新能源(进口),暂无,暂无
奥迪,奥迪(进口),奥迪SQ5,暂无,暂无
奥迪,奥迪(进口),奥迪SQ7,暂无,暂无
奥迪,奥迪(进口),奥迪SQ8,暂无,暂无
奥迪,奥迪(进口),奥迪Q9,暂无,暂无
奥迪,奥迪(进口),e-tron Vision Gran Turismo,暂无,暂无
奥迪,奥迪(进口),quattro,暂无,暂无
奥迪,奥迪(进口),奥迪PB18,暂无,暂无
奥迪,奥迪(进口),奥迪R18,暂无,暂无
奥迪,奥迪(进口),奥迪Urban,暂无,暂无
奥迪,奥迪(进口),奥迪A2,暂无,暂无
奥迪,奥迪(进口),奥迪80,暂无,暂无
奥迪,奥迪(进口),奥迪A3新能源(进口),暂无,暂无
奥迪,奥迪(进口),奥迪Coupe,暂无,暂无
奥迪,奥迪(进口),奥迪100,暂无,暂无
奥迪,奥迪(进口),Crosslane Coupe,暂无,暂无
奥迪,奥迪(进口),奥迪Cross,暂无,暂无
奥迪,奥迪(进口),Nanuk,暂无,暂无
阿尔法·罗密欧,阿尔法·罗密欧,Giulia,37.98,125.98
阿尔法·罗密欧,阿尔法·罗密欧,Stelvio,45.68,127.98
阿尔法·罗密欧,阿尔法·罗密欧,MiTo,暂无,暂无
阿尔法·罗密欧,阿尔法·罗密欧,Giulietta,暂无,暂无
阿尔法·罗密欧,阿尔法·罗密欧,Tonale,暂无,暂无
阿尔法·罗密欧,阿尔法·罗密欧,ALFA 4C,暂无,暂无
阿尔法·罗密欧,阿尔法·罗密欧,Disco Volante,暂无,暂无
阿尔法·罗密欧,阿尔法·罗密欧,Gloria,暂无,暂无
阿尔法·罗密欧,阿尔法·罗密欧,ALFA 147,暂无,暂无
阿尔法·罗密欧,阿尔法·罗密欧,ALFA 156,暂无,暂无
阿尔法·罗密欧,阿尔法·罗密欧,ALFA 159,暂无,暂无
阿尔法·罗密欧,阿尔法·罗密欧,ALFA 166,暂无,暂无
阿尔法·罗密欧,阿尔法·罗密欧,ALFA 2uettottanta,暂无,暂无
阿尔法·罗密欧,阿尔法·罗密欧,ALFA 8C,暂无,暂无
阿尔法·罗密欧,阿尔法·罗密欧,ALFA GT,暂无,暂无
阿尔法·罗密欧,阿尔法·罗密欧,ALFA S.Z.,暂无,暂无
阿尔法·罗密欧,阿尔法·罗密欧,ALFA TZ3,暂无,暂无
阿斯顿·马丁,阿斯顿·马丁,V8 Vantage,181.80,228.80
阿斯顿·马丁,阿斯顿·马丁,Vanquish,399.80,409.80
阿斯顿·马丁,阿斯顿·马丁,阿斯顿·马丁DB11,220.80,329.80
阿斯顿·马丁,阿斯顿·马丁,阿斯顿·马丁DBS,366.80,376.80
阿斯顿·马丁,阿斯顿·马丁,Cygnet,暂无,暂无
阿斯顿·马丁,阿斯顿·马丁,Rapide,暂无,暂无
阿斯顿·马丁,阿斯顿·马丁,Rapide E,暂无,暂无
阿斯顿·马丁,阿斯顿·马丁,阿斯顿·马丁DBX,暂无,暂无
阿斯顿·马丁,阿斯顿·马丁,V12 Vantage,暂无,暂无
阿斯顿·马丁,阿斯顿·马丁,阿斯顿·马丁DB9,暂无,暂无
阿斯顿·马丁,阿斯顿·马丁,Heritage EV,暂无,暂无
阿斯顿·马丁,阿斯顿·马丁,Valhalla,暂无,暂无
阿斯顿·马丁,阿斯顿·马丁,Virage,暂无,暂无
阿斯顿·马丁,阿斯顿·马丁,Vulcan,暂无,暂无
阿斯顿·马丁,阿斯顿·马丁,阿斯顿·马丁CC100,暂无,暂无
阿斯顿·马丁,阿斯顿·马丁,阿斯顿·马丁DB10,暂无,暂无
阿斯顿·马丁,阿斯顿·马丁,阿斯顿·马丁DB5,暂无,暂无
阿斯顿·马丁,阿斯顿·马丁,阿斯顿·马丁DP-100,暂无,暂无
阿斯顿·马丁,阿斯顿·马丁,战神,暂无,暂无
阿斯顿·马丁,阿斯顿·马丁,拉共达Taraf,暂无,暂无
阿斯顿·马丁,阿斯顿·马丁,Ulster,暂无,暂无
阿斯顿·马丁,阿斯顿·马丁,V12 Zagato,暂无,暂无
阿斯顿·马丁,阿斯顿·马丁,阿斯顿·马丁DB6,暂无,暂无
阿斯顿·马丁,阿斯顿·马丁,阿斯顿·马丁One-77,暂无,暂无
ALPINA,ALPINA,ALPINA B4,109.80,109.80
ALPINA,ALPINA,ALPINA B3,暂无,暂无
ALPINA,ALPINA,ALPINA D5,暂无,暂无
ALPINA,ALPINA,ALPINA B7,暂无,暂无
ALPINA,ALPINA,ALPINA XD3,暂无,暂无
ABT,ABT,ABT A3,暂无,暂无
ABT,ABT,ABT A5,暂无,暂无
ABT,ABT,ABT TT,暂无,暂无
AC Schnitzer,AC Schnitzer,AC Schnitzer 3系,暂无,暂无
AC Schnitzer,AC Schnitzer,AC Schnitzer M4,暂无,暂无
AC Schnitzer,AC Schnitzer,AC Schnitzer 7系,暂无,暂无
AC Schnitzer,AC Schnitzer,AC Schnitzer X6,暂无,暂无
AC Schnitzer,AC Schnitzer,AC Schnitzer X5,暂无,暂无
AEV ROBOTICS,AEV ROBOTICS,Modular Vehicle System,暂无,暂无
Agile Automotive,Agile Automotive,Agile Automotive SC122,暂无,暂无
Agile Automotive,Agile Automotive,Agile Automotive SCX,暂无,暂无
Apollo,Apollo,Apollo N,暂无,暂无
Apollo,Apollo,Arrow,暂无,暂无
Apollo,Apollo,Intensa Emozione,暂无,暂无
Arash,Arash,AF8 Cassini,暂无,暂无
Arash,Arash,Arash AF10,暂无,暂无
ARCFOX,北汽新能源,ARCFOX-1,暂无,暂无
ARCFOX,北汽新能源,ARCFOX ECF Concept,暂无,暂无
ARCFOX,北汽新能源,ARCFOX-7,暂无,暂无
ARCFOX,北汽新能源,ARCFOX-GT,暂无,暂无
Aria,Aria,Aria FXE,暂无,暂无
ATS,ATS,ATS GT,暂无,暂无
Aurus,Aurus,Senat,暂无,暂无
艾康尼克,艾康尼克ICONIQ Motors,MUSE,暂无,暂无
艾康尼克,艾康尼克ICONIQ Motors,艾康尼克七系,暂无,暂无
爱驰,爱驰汽车,爱驰U5,暂无,暂无
爱驰,爱驰汽车,爱驰U7,暂无,暂无
爱驰,爱驰汽车,RG Nathalie,暂无,暂无
安凯客车,安凯客车,宝斯通,暂无,暂无
